state,cx,cy,area,x,y,width,height,aspectratio,extent,solidity,normangle
True,1673,1626,0.05814864124050435,1667,1624,0.504424778761062,0.26548672566371684,1.9,0.4342105263157895,0.9166666666666666,0.36914185418023004
